[
    {
        "uuid": "10bb95a4-b1c5-444b-b512-1370f02d74de",
        "color": "red",
        "name": "",
        "tempCali": [
            { "precal": 36.0, "corrected": 32.0 },
            { "precal": 64.0, "corrected": 62.0 },
            { "precal": 183.0, "corrected": 186.0 }
        ],
        "sgCali":[
            { "precal": 1.0010, "corrected": 1.0000 },
            { "precal": 1.0620, "corrected": 1.0580 },
            { "precal": 1.1260, "corrected": 1.1180 }
        ],
        "loggingURL": "",
        "connectionTimeout": 60000
    },
    {
        "uuid": "20bb95a4-b1c5-444b-b512-1370f02d74de",
        "color": "green",
        "name": "",
        "tempCali": [
            { "precal": 36.0, "corrected": 32.0 },
            { "precal": 64.0, "corrected": 62.0 },
            { "precal": 183.0, "corrected": 186.0 }
        ],
        "sgCali":[
            { "precal": 1.0010, "corrected": 1.0000 },
            { "precal": 1.0620, "corrected": 1.0580 },
            { "precal": 1.1260, "corrected": 1.1180 }
        ],
        "loggingURL": "",
        "connectionTimeout": 60000
    },
    {
        "uuid": "30bb95a4-b1c5-444b-b512-1370f02d74de",
        "color": "black",
        "name": "",
        "tempCali": [
            { "precal": 36.0, "corrected": 32.0 },
            { "precal": 64.0, "corrected": 62.0 },
            { "precal": 183.0, "corrected": 186.0 }
        ],
        "sgCali":[
            { "precal": 1.0010, "corrected": 1.0000 },
            { "precal": 1.0620, "corrected": 1.0580 },
            { "precal": 1.1260, "corrected": 1.1180 }
        ],
        "loggingURL": "",
        "connectionTimeout": 60000
    },
    {
        "uuid": "40bb95a4-b1c5-444b-b512-1370f02d74de",
        "color": "purple",
        "name": "",
        "tempCali": [
            { "precal": 36.0, "corrected": 32.0 },
            { "precal": 64.0, "corrected": 62.0 },
            { "precal": 183.0, "corrected": 186.0 }
        ],
        "sgCali":[
            { "precal": 1.0010, "corrected": 1.0000 },
            { "precal": 1.0620, "corrected": 1.0580 },
            { "precal": 1.1260, "corrected": 1.1180 }
        ],
        "loggingURL": "",
        "connectionTimeout": 60000
    },
    {
        "uuid": "50bb95a4-b1c5-444b-b512-1370f02d74de",
        "color": "orange",
        "name": "",
        "tempCali": [
            { "precal": 36.0, "corrected": 32.0 },
            { "precal": 64.0, "corrected": 62.0 },
            { "precal": 183.0, "corrected": 186.0 }
        ],
        "sgCali":[
            { "precal": 1.0010, "corrected": 1.0000 },
            { "precal": 1.0620, "corrected": 1.0580 },
            { "precal": 1.1260, "corrected": 1.1180 }
        ],
        "loggingURL": "",
        "connectionTimeout": 60000
    },
    {
        "uuid": "60bb95a4-b1c5-444b-b512-1370f02d74de",
        "color": "blue",
        "name": "",
        "tempCali": [
            { "precal": 36.0, "corrected": 32.0 },
            { "precal": 64.0, "corrected": 62.0 },
            { "precal": 183.0, "corrected": 186.0 }
        ],
        "sgCali":[
            { "precal": 1.0010, "corrected": 1.0000 },
            { "precal": 1.0620, "corrected": 1.0580 },
            { "precal": 1.1260, "corrected": 1.1180 }
        ],
        "loggingURL": "",
        "connectionTimeout": 60000
    },
    {
        "uuid": "70bb95a4-b1c5-444b-b512-1370f02d74de",
        "color": "yellow",
        "name": "",
        "tempCali": [
            { "precal": 36.0, "corrected": 32.0 },
            { "precal": 64.0, "corrected": 62.0 },
            { "precal": 183.0, "corrected": 186.0 }
        ],
        "sgCali":[
            { "precal": 1.0010, "corrected": 1.0000 },
            { "precal": 1.0620, "corrected": 1.0580 },
            { "precal": 1.1260, "corrected": 1.1180 }
        ],
        "loggingURL": "",
        "connectionTimeout": 60000
    },
    {
        "uuid": "80bb95a4-b1c5-444b-b512-1370f02d74de",
        "color": "pink",
        "name": "",
        "tempCali": [
            { "precal": 36.0, "corrected": 32.0 },
            { "precal": 64.0, "corrected": 62.0 },
            { "precal": 183.0, "corrected": 186.0 }
        ],
        "sgCali":[
            { "precal": 1.0010, "corrected": 1.0000 },
            { "precal": 1.0620, "corrected": 1.0580 },
            { "precal": 1.1260, "corrected": 1.1180 }
        ],
        "loggingURL": "",
        "connectionTimeout": 60000
    }
]