[
    {
        "uuid": "10bb95a4-b1c5-444b-b512-1370f02d74de",
        "color": "red",
        "name": "",
        "tempCali": 0,
        "sgCali": 0.000,
        "loggingURL": "",
        "connectionTimeout": 60000
    },
    {
        "uuid": "20bb95a4-b1c5-444b-b512-1370f02d74de",
        "color": "green",
        "name": "",
        "tempCali": 0,
        "sgCali": 0.000,
        "loggingURL": "",
        "connectionTimeout": 60000
    },
    {
        "uuid": "30bb95a4-b1c5-444b-b512-1370f02d74de",
        "color": "black",
        "name": "",
        "tempCali": 0,
        "sgCali": 0.000,
        "loggingURL": "",
        "connectionTimeout": 60000
    },
    {
        "uuid": "40bb95a4-b1c5-444b-b512-1370f02d74de",
        "color": "purple",
        "name": "",
        "tempCali": 0,
        "sgCali": 0.000,
        "loggingURL": "",
        "connectionTimeout": 60000
    },
    {
        "uuid": "50bb95a4-b1c5-444b-b512-1370f02d74de",
        "color": "orange",
        "name": "",
        "tempCali": 0,
        "sgCali": 0.000,
        "loggingURL": "",
        "connectionTimeout": 60000
    },
    {
        "uuid": "60bb95a4-b1c5-444b-b512-1370f02d74de",
        "color": "blue",
        "name": "",
        "tempCali": 0,
        "sgCali": 0.000,
        "loggingURL": "",
        "connectionTimeout": 60000
    },
    {
        "uuid": "70bb95a4-b1c5-444b-b512-1370f02d74de",
        "color": "yellow",
        "name": "",
        "tempCali": 0,
        "sgCali": 0.000,
        "loggingURL": "",
        "connectionTimeout": 60000
    },
    {
        "uuid": "80bb95a4-b1c5-444b-b512-1370f02d74de",
        "color": "pink",
        "name": "",
        "tempCali": 0,
        "sgCali": 0.000,
        "loggingURL": "",
        "connectionTimeout": 60000
    }
]